1,1810,961,2880,998,,Lt,Pte,"HUGHES, J."
1,1809,1970,2932,2011,,"Lt GORDON, H. R.",Lt,"PATTON, J. H."
1,1809,2006,2922,2047,,"Lt GOULDSMITH, L. F.",Capt,"PICARD, R. E."
1,1810,2042,2881,2079,,"Lt GRASETT, H. A. M.",Lt,"PIKE, C. W."
1,1809,2078,2954,2115,,"Lt GROSVENOR, B. B.",Lt,"PLATT, H. E. B."
1,1809,2113,2905,2152,,"Lt HANNAN, S. F.",Lt,"POSTE, H. T."
2,391,264,3094,304,"Lt REDDOCK, S. A.",Pte,"BARRIE, T. (served",Pte,"BRITTON, J. A.",Pte,"CATHER, R."
2,391,297,3282,339,"Capt RYERSON, G. C.",,,Pte,"BROADHEAD, R. E. B.",Pte,"CAVANAUGH, L. J. O."
2,390,332,3217,374,"Lt SCOTT, E. J.",Pte,"BASFORD, W. H.",Pte,"BROOMHEAD, R. M.",Pte,"CAZMIRCHUK, W."
2,390,368,3205,406,"Lt SCOTT, S. W.",Pte,"BASSETT, H.",Pte,"BROUGHALL, D.",L/Cpl,"CHADWICK, N. F."
2,389,403,3151,438,"Lt SLATTERY, E.",Pte,"BATEMAN, R. A.",Pte,"BROWN, A.",Pte,"CHAMBERS, F."
2,390,437,3095,472,"Lt SMITH, M. T.",Pte,"BATEUP, E.",Pte,"BROWN, D. B.",Pte,"CHANEY, J."
2,389,470,3195,507,"Lt SNEATH, T. H.",Pte,"BEATTY, J. J.",L/Sgt,"BROWN, G. B.",Pte,"CHAPPISE, Peter"
2,389,503,3355,542,"Lt THAIRS, E. F.",Pte,"BELANGER, C.",Pte,"BROWN, H.",Pte,"CHARBONNEAU, M. T. G."
2,388,536,3242,577,"Capt Van der SMISSEN, W. H. V.",Pte,"BELL, H.",Pte,"BROWN, H. J.",Pte,"CHICKEGIAN, S. H."
2,1112,569,3209,606,,L/Cpl,"BELL, J.",Pte,"BROWN, 0. Y.",Pte,"CHIDDENTON, A."
2,1111,604,3144,639,,Pte,"BEMBRIDGE, A.",L/Cpl,"BROWN, R. E. J.",Pte,"CHISHOLM, R."
2,1112,637,3202,673,,Pte,"BEMISTER, B.",Pte,"BROWN, T.",Pte,"CHOLDCROFT, C."
2,1111,670,3168,706,,Pte,"BENNETT, C.",Pte,"BROWN, W. I.",Pte,"CHRISTIE, F. S."
2,387,704,3123,742,"Pte ADAMS, F. G. A.",Pte,"BENNETT, E. H.",Pte,"BUCKLAND, F. G.",Pte,"CHRISTIE, R."
2,387,739,3133,774,"Pte ADAMS, J. C.",Pte,"BENNETT, J.",Pte,"BUCKLEY, E. T.",Pte,"CHUBB, A. W."
2,386,773,3227,809,"Pte ALLEN, E. W.",Pte,"BENTHAM, R.",Pte,"BUFFHAM, J. R.",Pte,"CHURCHWARD, S."
2,385,807,3070,844,"Pte ALLEN, E. L.",Pte,"BENTON, F. B.",Sgt,"BULLIED, W. A.",Pte,"CLARK, E."
2,385,840,3130,880,"Pte ALLEN, N. L.",Sgt,"BETHUNE, D.",Pte,"BULLOCK, A. D.",Pte,"CLARK, E. W."
2,1114,874,3117,910,,Pte,"BETTS, W. H.",L/Cpl,"BULLOCK, W. E.",Pte,"CLARK, G. B."
2,384,908,3098,949,"Pte ANDERSON, Davie",Pte,"BEXFIELD, W. H.",Pte,"BULLOCK, W. P. J.",Pte,"CLARKE, G."
2,384,942,3142,983,"Sgt ANDERSON, D. L.",Pte,"BEXON, F.",Pte,"BURKE, C. A.",Pte,"CLARKE, S. F."
2,383,976,3158,1017,"Pte ANDERSON, J. S.",Pte,"BICKERSTAFF, E. M.",Sgt,"BURKE, H.",Pte,"CLARKE, W. B."
2,383,1009,3169,1051,"Pte ANDERSON, W. J.",Sgt,"BICKNELL, A. J.",Pte,"BURKE, R. E.",L/Cpl,"CLEMENT, J. A."
2,382,1045,3129,1084,"L/Cpl ANDERSON, W. T.",Pte,"BICKNELL, F.",Pte,"BURLEIGH, W. H.",Pte,"CLIFFE, F. E."
2,381,1079,3149,1119,"Pte ARCHIBALD, A.",L/Cpl,"BIGGS, W. J.",Pte,"BURNS, B.",Pte,"CLIFFORD, W."
2,381,1112,3088,1152,"Pte ARMSTRONG, A.",Pte,"BILL, C. S.",Pte,"BURNS, J. A.",Pte,"CLUNIE, T."
2,380,1148,3115,1186,"Pte ARMSTRONG, C. J.",L/Cpl,"BINKLEY, J. R.",Pte,"BURROWS, G.",Pte,"COCKETT, J."
2,380,1178,3111,1221,"L/Cpl ARMSTRONG, E. F.",Pte,"BITTLE, R. N.",Pte,"BUSSEY, G. E.",Sgt,"COKER, J. S."
2,379,1216,3074,1255,"Cpl ARNOLD, T.",Pte,"BLACK, R.",Sgt,"BUTLER, E. H.",A/Cpl,"COLE, J. J."
2,380,1250,3113,1290,"Pte ASHDOWNE, T. W.",Pte,"BLACK, T. H.",Pte,"BYFORD, E.",Pte,"COLES, E. C."
2,380,1287,3057,1325,"Pte ASPINWALL, A. D.",Pte,"BLACK, W.",Pte,"BYFORD, W. C. (served as",Pte,"COLIN, C."
2,378,1323,3086,1359,"Pte ATTFIELD, W.",Pte,"BLACKFORD, L. B.",,,Pte,"COLLIN, R."
2,378,1355,3297,1394,"Cpl AUDREY, A. G.",Pte,"BLACKHALL, J.",Pte,"CAIRNS, T. P.",Pte,"COLLINGRIDGE, R. L."
2,379,1391,3123,1429,"Sgt AULT, H.",Pte,"BLACKLOCK, F. A.",L/Cpl,"CALLAGHAN, J.",Pte,"COLLINS, W."
2,378,1426,3142,1465,"Pte AUSTIN, N.",Pte,"BLACKWOOD, J. T.",Pte,"CALLAGHAN, T. G.",Cpl,"COLLIS, W. G."
2,378,1462,3199,1500,"Pte AXFORD, J. A.",Pte,"BLAIN, J.",L/Cpl,"CAMERON, H. C.",Pte,"COLQUHOUN, A."
2,378,1497,3096,1535,"Pte AYRES, J. H.",Pte,"BLANCHETT, C.",Pte,"CAMERON, R. B.",Pte,"COLVIN, A."
2,378,1532,3091,1570,"Pte BABCOCK, A. S.",Pte,"BLISS, L. H.",Pte,"CAMPBELL, C. L.",Pte,"COMRIE, J."
2,378,1568,3110,1606,"Pte BADIUK, V.",Pte,"BLISSETT, W.",L/Cpl,"CAMPBELL, G. A.",Pte,"COMRIE, W."
2,377,1604,3142,1640,"Sgt BAIRD, A.",Pte,"BLORE, W.",Pte,"CAMPBELL, H. C.",Pte,"CONBOY, J. J."
2,377,1638,3130,1676,"Pte BAKER, A.",Pte,"BOLES, E.",Pte,"CAMPBELL, H. J.",Pte,"CONKLIN, A."
2,377,1672,3101,1711,"Pte BAKER, W. A.",Pte,"BLOGER, V. E. J.",Pte,"CAMPBELL, J. E.",Pte,"COOK, A. F."
2,377,1707,3100,1747,"Pte BALL, D.",Pte,"BOLTON, M. R.",Pte,"CAMPBELL, N. F.",Pte,"COOK, E. B."
2,376,1742,3112,1782,"Pte BALLINGER, G.",Pte,"BOND, A. H.",Pte,"CANDLISH, N.",Pte,"COOK, E. W."
2,376,1777,3107,1819,"Pte BANKS, G. H.",L/Cpl,"BOND, C. H.",Pte,"CANN, J.",Pte,"COOMBS, F."
2,377,1813,3098,1853,"Pte BANKS, J. W.",Sgt,"BOND, F.",Pte,"CAPERN, P. G.",Pte,"COOP, B. F."
2,376,1848,3107,1890,"Pte BARANECK, J.",Pte,"BORS1SHIN, G.",Pte,"CARLETON, A. H.",Re,"COOPER, E."
2,376,1883,3107,1928,"Pte BARKER, T. E.",Pte,"BOUZAN, E.",Sgt,"CAROLINE, A. A.",Pte,"COOPER, E."
2,376,1919,3052,1964,"Pte BARKER, W. A.",Pte,"BOWMAN, L. W.",Pte,"CARON, F.",Pte,"COPE, F."
2,376,1955,3216,2003,"Pte BARNES, A. L.",Pte,"BOXALL, A. G.",Pte,"CARR, C. C.",Pte,"COPELAND, J. H."
2,375,1990,3103,2038,"Pte BARNES, C. E.",Pte,"BRACKNELL, H. G.",Pte,"CARRICK, T.",Pte,"CORBIN, E."
2,375,2028,3184,2075,"Pte BARNES, R. H.",Pte,"BRADFIELD, F.",Cpl,"CARTER, J. S.",Pte,"CORNISH, E. A."
2,375,2065,3096,2111,"Pte BARONET, J. A.",Pte,"BRADSHAW, F. W.",Pte,"CARTER, L. H.",Pte,"CORR, J. L."
2,374,2104,3107,2150,"Pte BARONIAN, B.",Pte,"BRAZAND, E.",Pte,"CARTWRIGHT, L.",Pte,"COSSAR, B."
2,374,2141,2322,2182,"Pte BARREAU, J.",Pte,"BRENT, A. J.",Pte,"CASE, W."
2,374,2179,2423,2223,"Re BARRETT, H. J.",L/Cpl,"BRIMS, D.",Pte,"CASHMAN, W."
3,657,303,3276,356,,"COUPERTHWAITE, G.",Pte,"DOD, E.",Pte,"FINEGAN, G. H.",,"GILCHRIST, G. H."
3,490,334,3186,373,Pte,,,"DODGSON, C. E.",,,Pte,"GILDERT, H."
3,657,351,2436,390,,"COUSINS, R. E.",Pte,,L/Cpl,"FINNEY, F."
3,490,371,3177,425,Pte,"COX, A.",Pte,"DOLHENTY, F.",Pte,"FISHER, A. C.",Pte,"GILDING, F."
3,489,407,3222,457,Pte,"COX, E. B.",Pte,"DON, R.",Pte,"FISHER, D. W.",Pte,"GILFILLAN, J."
3,489,440,3189,490,Pte,"COX, E. G.",Pte,"DONLEVY, M.",Pte,"FITZGERALD, T.",Pte,"GILMORE, R."
3,488,478,3133,523,Pte,"CRADDOCK, E.",Pte,,Pte,"FLETCHER, A. R.",Pte,"GLEGG, J."
3,488,514,3286,558,Pte,"CRAIG, C. E.",Sgt,,Pte,"FLETCHER, A. L.",Pte,"GLOCKLING, P. J."
3,488,548,3259,591,Pte,"CRAMB, S.",Pte,,Pte,"FLEURY, H. V.",Pte,"GODDARD, A. P."
3,488,584,3260,625,Pte,"CRERAR, J. C.",Pte,,Pte,"FLINT, H. R.",Pte,"GODFREY, H. H."
3,488,617,3265,661,Pte,"CRICK, A. V.",Pte,,Pte,"FLORENCE, C.",Pte,"GONNEAU, O. E."
3,487,650,3156,696,Pte,"CRIGHTON, M.",Pte,,Pte,"FORSEY, P. H.",Pte,"GOOD, R. J."
3,487,683,2822,723,Pte,"CROFT, J. W.",Pte,,Pte,"FORSTER, G.",Pte
3,487,717,2822,758,Pte,"CROOK, J.",Pte,,Pte,"FORSYTH,A.",Pte
3,1196,734,3202,776,,,Pte,"DRAKE, R. E.",,,,"GOODALL, E."
3,486,754,2822,792,Pte,"CUMMINGS, T.",,,Pte,"FORSYTH, R.",Pte
3,487,768,3209,826,Pte,"CUSS, A. G.",Pte,"DUBICH, M.",Pte,"FOSTER, E. J.",Pte,"GOODE, W. N."
3,486,802,3272,860,Pte,"DAGG, G.",Pte,"DUFF, H. D.",Pte,"FOSTER, T. G.",Pte,"GOODMAN, H. V."
3,486,851,2825,900,Pte,"DAKE, E.",Cpl,,Pte,"FOUNTAIN, R.",Sgt
3,486,889,2822,929,L/Cpl,"D’ALL, G.",,,,"FOWLER, R. F.",Pte
3,486,918,2823,962,Pte,"DALTON, C. W.",Cpl,,Pte,"FOWLER, W. J.",Pte
3,485,946,2354,991,Pte,"DARAGON, L.",Pte,"DUNN, J. W.",Pte,"FOX, B."
3,484,981,2357,1032,Sgt,"DART, J.",Pte,"DUNN, J.",Pte,"FOY, H."
3,484,1007,3171,1063,Pte,"DARTON, F. A.",Pte,"DUPUIS, F. J.",Pte,"FRADLEY, w.",,"GRAY, C. M."
3,484,1054,2488,1096,Pte,"DASKEL, A. M.",Pte,,Pte,"FRANCE, C. H."
3,483,1088,2480,1130,Pte,"DAVIDSON, G.",Pte,,L/Cpl,"FRANCE, L. F."
3,484,1124,2500,1167,Sgt,"DAVIDSON, R. L.",Pte,,Pte,"FRANCIS, F. R."
3,483,1145,3149,1200,Pte,"DAVIS, C.",Pte,"DUTHIE, A.",Pte,"FRANCIS, G.",,"GREEN, A."
3,483,1179,3196,1233,Pte,"DAVIS, F. E.",Re,"DUTTON, H.",L/Cpl,"FRANCIS, H. F.",,"GREEN, A. R."
3,1199,1214,3145,1255,,,Pte,"DWYER, S.",Pte,,,"GREEN, E."
3,482,1227,2532,1270,Pte,"DAVIS, F. J.",,,,"Franklin, r. s."
3,1199,1248,3195,1294,,,L/Sgt,"EADY, C.",Pte,,,"GREEN, G. C."
3,483,1265,2426,1302,Pte,"DAVIS, R. 0.",,,,"FRASER, J."
3,1200,1283,3191,1324,,,Pte,"EAGLE, L. F.",Pte,,,"GREEN, H. J."
3,482,1300,2552,1339,Pte,"DAVIS, T. M.",,,,"freebairn, t. s."
3,1200,1318,3148,1357,,,Pte,"EAGLES, A. R.",Pte,,,"GREEN, T."
3,481,1334,2524,1372,Pte,"DAVISON, C. J.",,,,"FREEMAN, B. H."
3,481,1364,2480,1405,Pte,"DAVISON, H.",Pte,,Pte,"FRENCH, S. T."
3,480,1387,3251,1441,Cpl,"DAWSON, W. D.",Pte,"EARLS, J. G.",Pte,"FROST, W. W.",,"GREENWAY, E."
3,481,1430,2501,1477,Pte,"DAY, E.",Cpl,"EASTMAN, G. L.",Pte,"FUMERTON, F."
3,480,1457,3247,1511,Pte,"DAZE, W. J.",Pte,"EATON, A. W.",Pte,"GAFFNEY, L. T.",,"GREETHAM, F."
3,479,1502,2476,1547,L/Cpl,"DEAN, L. S.",Pte,"EDEY, E.",Pte,"GAISFORD, F."
3,480,1527,3239,1583,Pte,"DEARDEN, H.",Pte,"EDWARDS, T. L.",Pte,"GALLOWAY, C.",,"GRIFFIN, C. M."
3,479,1562,3248,1616,Pte,"DECOLE, C. F.",Pte,"EDWARDS, W.",Pte,"GAMOINO, J.",,"GRIFFIN, W. B."
3,479,1605,2438,1651,Pte,"DEMPSEY, W. F.",Pte,"ELLINS, W. J.",Pte,"GANNON, J."
3,478,1632,3173,1688,Pte,"DESJARDIN, A.",Pte,"ELLIS, S. G.",Pte,"GARAWAY, A.",,"GROVES, A."
3,478,1668,3193,1723,Pte,"DEVEREUX, P.",Pte,"EMERY, E. J.",Pte,"GARDINER, A. S.",,"GUILD, W. S."
3,478,1703,3141,1757,Pte,"DEVLIN, P. J.",Pte,"EMERY, S.",Pte,"GARDNER, N. J.",,"GUNN, W."
3,477,1739,3208,1792,Pte,"DEWHURST, S.",Pte,"EMMERSON, A. L.",Sgt,"GARLICK, H.",,"GUNNING, A."
3,477,1774,3195,1825,Pte,"DEY, W.",Pte,"ENRIGHT, E. F.",Pte,"GATE, W. H.",,"GURNEY, W."
3,476,1824,2420,1863,Pte,"DEZIEL, 0.",Pte,"FARR, E.",,"GATICH, D."
3,476,1859,2475,1901,Pte,"DICKSON, D.",Pte,"FARR, J. F.",,"GAUTHIER, Z."
3,476,1881,3323,1931,Pte,"DICKSON, R. J.",Pte,"FARRANT, F.",Sgt,"GAW, A.",,"HACKETT, R. G. W."
3,475,1930,2449,1969,Pte,"DICKSON, S.",Pte,"FAURE, A.",,"GEARY, 0. B."
3,475,1967,2478,2006,Pte,"DIDEMUS, C. W.",Pte,"FEE, W.",,"GEDDES, P. M."
3,475,2002,2428,2041,Pte,"DILLON, T. E.",Pte,"FELKER, E. H.",,"GEDDES, W"
3,474,2038,2450,2079,Pte,"DILNOT, K.",Pte,"FELL, H. R.",,"GELDART, C."
3,474,2075,2457,2116,Pte,"DION, Ovila",Pte,"FENECH, J.",,"GELDARD, P."
3,473,2111,2560,2154,Pte,"DIXON, G.",Cpl,"FERGUSON, W.",,"GEOGHEGAN, H. P"
3,473,2147,2483,2192,Pte,"DIXON, H. E.",Cpl,"FERRIDAY, J. H.",,"GEOLOT, A. W."
3,473,2184,2822,2237,Pte,"DIXON, T. W.",Pte,"FIELD, A. T.",,"GEORGE, L. W.",Sgt
3,472,2219,2819,2270,Pte,"DOBSON, R. F. H.",Pte,"FIELDER, J.",,"GIFFEN, T. A.",Pte
4,2522,166,2866,194,,,,,,PE NDI X,A
4,1380,231,3157,278,,,,"HOLLAND, P. W.","L/Sgt JENNINGS, W.",Pte,"LAMBERT, P."
4,1379,271,3121,317,,,,"HOLLAND, H. R.","pte JENNISON, E. R.",Pte,"LANE, A. C."
4,1201,305,3116,356,,,L/Sgt,"HOLLAND, R. J.","Sgt JOHNSON, W. A.",Pte,"LAROSE, Z."
4,1378,348,3113,394,,,,"HOLLINGSHEAD, R.","pte JOHNSTON, D.",Pte,"LASOFF, S."
4,1378,387,3141,431,,,,"HOLMES, W. H.","Pte JOHNSTON, J.",Pte,"LATIMER, G."
4,1378,423,3170,469,,,,"HOLTORF, H.","Pte JOHNSTON, S.",Pte,"LAVELLEY, P."
4,1378,459,3182,505,,,,"HOLYOAK, C. P.","Pte JOHNSTON, W. R.",Pte,"LAWRENCE, J."
4,629,484,1553,531,,"HARKINS, J.",Pte,"HOOD, R."
4,1997,502,3143,542,,,,,"Cpl JONES, A. W.",Pte,"LEACH, G. A."
4,1377,531,3092,576,,,,"HOPKINS, R.","Pte JONES, E. G.",Pte,"LEE, E. W."
4,450,553,1257,593,Pte,"HARMAN, R. V.",Pte
4,1376,567,3083,612,,,,"HOPKINSON, W.","Pte JONES, G. R.",Pte,"LEE, R. D."
4,449,589,1256,628,Pte,"HARRIES, J. S.",Pte
4,1376,603,3031,647,,,,"HORN, A.","Pte JONES, G. W.",Pte,"LEE, T."
4,631,631,3045,682,,"HARRIS, F. C.",Pte,"HORN, H. G.","pte JONES, H.",Pte,"LEE, W."
4,1375,677,3115,720,,,,"HORN, H. L.","pte JONES, R. A.",Pte,"LELAND, B."
4,451,699,1256,737,Pte,"HARRIS, J. S.",Pte
4,1375,712,3121,755,,,,"HOWARD, S. T.","Pte JONES, W.",Pte,"LENNOX, G."
4,451,734,1255,774,Pte,"HARRISON, F.",Pte
4,1375,748,3163,790,,,,"HOWARTH, E. J.","Pte JORGENSEN, C. C.",Pte,"LENNOX, J. H."
4,451,770,1255,809,Pte,"HARROD, W.",Pte
4,1374,783,3189,827,,,,"HOWARTH, J.","L/Cpl JOWSEY, F. W.",Pte,"LETERSKI, J. F."
4,451,806,1255,846,Pte,"HARTLEY, J.",Pte
4,1374,819,3130,860,,,,"HOWARTH, R.","pte JOYNSON, J.",Pte,"LETTS, W. C."
4,452,843,1254,883,Pte,"HARVEY, A. D.",Pte
4,1373,854,3130,891,,,,"HOWE, W. H.",,Pte,"LETTY, H. R."
4,631,882,3170,926,,"HARVEY, U. J.",Pte,"HOWE, W. J.",,Pte,"LEVESQUE, M."
4,452,914,3127,961,Pte,"HASLER, J.",Pte,"HOWELL, I.",,Pte,"LEWIS, D. H."
4,452,950,1512,994,Pte,"HAUN, F. E.",Cpl,"HOY, J."
4,1999,965,3125,1002,,,,,"Pte KEARN, W.",Pte,"LEWIS, W. J."
4,453,985,1253,1023,Pte,"HAWKE, G. H.",Pte
4,1372,995,3217,1036,,,,"HUGGARD, A. P.","Pte KEECH, T. B.",Pte,"LIGHTHEART, M."
4,632,1024,3194,1071,,"HAWKINS, F.",Pte,"HUGHES, F. G.","Pte KELLEHER, H.",Pte,"LINDNER, W. M."
4,632,1059,3186,1106,,"HAWKINS, J. A.",Pte,"HUGHES, R. I.","Pte KELLETT, A.",Pte,"LIPPROSS, F. H."
4,454,1093,3145,1143,Pte,"HAWTIN, L.",Pte,"HUGHES, S. H.","Pte KELLEY, J.",Pte,"LITTLE, W. E."
4,453,1128,3202,1173,Pte,"HAY, J.",Cpl,"HUNT, J. M.",,L/Cpl,"LITTLEWOOD, B."
4,453,1163,3185,1207,Pte,"HAYES, J.",Pte,"HUNT, W. E.",,Pte,"LITTRELL, L. D."
4,454,1198,3122,1242,Pte,"HAYES, M.",Pte,"HUNTER, J. W.",,Pte,"LLOYD, C. H."
4,454,1233,3118,1281,Pte,"HAYES, R.",Pte,"HUNTER, R.","Pte KENNEDY, G.",Pte,"LLOYD, C. B."
4,455,1268,3075,1311,Pte,"HAZELL, P.",Pte,"HUNTER, R. C.",,Pte,"LLOYD, H."
4,455,1303,3093,1348,Pte,"HEAD, C. R.",Pte,"HURLEY, P. M.",,L/Cpl,"LOBB, M. E."
4,456,1338,3085,1380,Pte,"HEMING, F. A. E.",Pte,"HURLEY, W.",,Pte,"LOCK, E. J."
4,456,1373,3074,1417,Pte,"HEMMINGS, A. E.",Pte,"HUXLEY, H.",,Pte,"LOMAS, E."
4,457,1409,3080,1451,Pte,"HEMMINGS, H. C.",Pte,"HYDE, D. .",,L/Cpl,"LOMAX, H."
4,457,1444,3047,1493,Pte,"HENDERSON, S. L.",Pte,"HYNES, A. A.","Cpl KILLOUGH, A. J. A.",Pte,"LONG, H."
4,457,1479,3040,1525,Pte,"HENDERSON, T.",Pte,"ILLINGSWORTH, A. H.","Pte KILMER, F.",Pte,"LONG, L."
4,457,1513,3132,1555,Pte,"HENDRON, J. J.",Sgt,"INGLIS, L. A. B.",,L/Cpl,"LONGLEY, W."
4,458,1548,3113,1588,Pte,"HENTIG, G.",Pte,"INGOLD, A.",,Pte,"LONGTIN, 0."
4,458,1584,3067,1625,Pte,"HERD, J.",Pte,"INGRAM, J.",,Pte,"LONIE, W."
4,458,1619,3131,1659,Pte,"HESKETH, S.",Pte,"IRONS, B.",,Pte,"LOOMIS, R. D."
4,458,1653,3159,1693,Pte,"HESTER, W.",Pte,"IRVINE, W. P.",,Pte,"LOSSING, G. W."
4,459,1687,3065,1728,L/Cpl,"HEWER, F. N.",Pte,"IRVING, J. E.",,Pte,"LOUGH, P."
4,460,1722,3125,1762,Pte,"HEWLETT, R. C.",Pte,"IRVING, T.",,Pte,"LOWCOCK, E."
4,460,1756,3146,1802,Pte,"HICKLING, K. V.",Sgt,"IVES, P.","Pte KNIGHT, C. T.",Pte,"LOWREY, D. C."
4,460,1793,3083,1835,Pte,"HICKS, V.",L/Cpl,"JACKSON, C. H.","CSM KNIGHT, F. W.",Sgt,"LUCK, E. T."
4,461,1827,3078,1868,Pte,"HILLIAR, F.",Pte,"JACKSON, E.","Pte KNOWLAND, C. O.",Pte,"LUCK, H. J."
4,460,1860,3209,1903,L/Sgt,"HINSHAW, R.",Pte,"JACKSON, E. J.","Pte KYNASTON, H. A.",Pte,"LUCKASVITCH, F."
4,461,1895,3098,1937,Pte,"HISCOCK, A. H.",L/Sgt,"JACKSON, R. H.","Pte LaBARGE, J. A.",Pte,"LUNEY, J. J."
4,461,1929,3075,1973,Pte,"HISCOCKS, W. D.",Pte,"JAMES, R. A.","Pte LACEY, H.",Pte,"LUNN, E. I."
4,462,1962,3125,2006,Pte,"HOARE, C. H.",Pte,"JAMIESON, W. B.","Pte LACOMBE, H.",Pte,"LUPSON, J. H."
4,462,1997,3080,2040,Pte,"HODGE, B.",Pte,"JANDREW, P. E.","Pte LADEROUTE, J. P.",Pte,"LUSH, G. H."
4,463,2032,3095,2074,Pte,"HODGES, D. H.",Pte,"JEFFERY, H.","Pte LAFRANCE, E.",L/Cpl,"LYALL, R. L."
4,463,2067,3052,2110,Pte,"HODGSON, W. A.",Pte,"JEFFERY, L. N.","Pte LAIDLAW, G. T.",Pte,"LYNCH, J."
4,463,2100,3032,2144,Pte,"HODKINSON, W.",Pte,"JEFFREY, E. H.","Pte LAING, G. S.",Pte,"LYNN, E."
4,463,2133,3063,2177,Pte,"HODSON, E.",Pte,"JENKINS, A. E.","Cpl LALONDE, J. M.",Pte,"LYON, I. C."
4,464,2166,3133,2211,Pte,"HOERNER, L. A.",Pte,"JENNINGS, F. L.","Pte LAMBERT, J. E.",Pte,"LYON, W. C. A."
5,531,233,1638,266,Pte,"MACAULEY, W. H.",Pte,"McISAAC, A."
5,2023,259,3211,294,,,,,L/Cpl,"NEALE, J. H.",Pte,"PENTNEY, W. M."
5,531,269,1635,302,Pte,"MacDERMOTT, W. G.",Pte,"McISAAC, T."
5,2023,295,3182,328,,,,,Pte,"NELIGAN, J.",Pte,"PERKINS, G. H."
5,531,305,1723,338,Pte,"MacDONALD, J.",Pte,"McKINLEY, C. H."
5,2023,330,3180,362,,,,,Pte,"NESBITT, E. W.",Pte,"PERKINS, T. A."
5,531,341,1671,374,Pte,"MACDONALD, K.",Pte,"McKINLAY, R."
5,2023,365,3196,398,,,,,Pte,"NETTLETON, G.",Pte,"PERREAULT, L."
5,531,377,1687,411,Pte,"MacINTYRE, L. R.",L/Cpl,"McLARTY, D. J."
5,2024,398,3149,431,,,,,Pte,"NEVETT, H. B.",Pte,"PERRIN, A. J."
5,531,411,1626,445,Pte,"MACKENZIE, N. L.",Pte,"McLEAN, K."
5,2023,431,3135,463,,,,,Pte,"NEWBY, W. H.",Pte,"PERRONS, C."
5,530,444,1645,479,Pte,"MacLACHLAN, C. R.",Pte,"McLEISH, W."
5,2024,463,3096,498,,,,,Sgt,"NEWMAN, V.",Pte,"PERRY, W."
5,530,478,1677,514,L/Sgt,"MACMILLAN, A.",Pte,"Mclennan, j."
5,2023,496,3054,533,,,,,Cpl,"NEWTON, J. A.",Pte,"PERT, G."
5,531,512,1665,546,Pte,"MADDEN, F.",Pte,"McLEOD, D. S."
5,2024,529,3103,564,,,,,Pte,"NICHOLSON, E. C.",Pte,"PETERS, C."
5,530,548,1668,581,Pte,"MADDEN, J.",L/Cpl,"McLEOD, r. k."
5,2024,562,3156,598,,,,,Pte,"NICOL, R.",Cpl,"PETERS, H. L."
5,530,581,1690,615,Pte,"MADEN, J. T.",Pte,"McMECHAN, a."
5,2023,595,3086,630,,,,,Pte,"NIVEN, D.",Pte,"PHILIP, R."
5,530,614,1670,653,I. /Cpl,"MALLET, W.",Pte,"McMEEKIN, j."
5,2023,628,3154,663,,,,,L/Cpl,"NOEL, A. G.",Pte,"PHILIPS, J. D."
5,531,649,1640,684,Pte,"MANN, A. W.",Pte,"McPHAIL, A."
5,2024,662,3133,695,,,,,Pte,"NORRIS, B.",Pte,"PHILLIPS, T."
5,530,682,1640,718,Pte,"MANN, G.",Pte,"McPHAIL, D."
5,2023,695,3098,728,,,,,Pte,"NORTHCOTT, B.",Pte,"PICKUP, T."
5,530,716,1618,751,Pte,"MANN, J.",Pte,"McPHEE, S."
5,2023,727,3188,761,,,,,Sgt,"NOTTINGHAM, A.",Pte,"PINKERTON, E."
5,531,754,3270,793,Pte,"MANNING, W. G.",,,Pte,"NOTTINGHAM, J. H.",Pte,"PINSONNEAULT, E."
5,530,785,3099,829,Cpl,"MANSFIELD, F.",Pte,"McRAE, F.",Pte,"NOVERRE, P. W.",Pte,"PIPHER, R."
5,529,819,3125,862,Pte,"MANSFIELD, J.",Pte,"MEPHAM, F.",L/Cpl,"NUGENT, A. G.",Pte,"PLANT, R. S."
5,530,852,3160,895,Pte,"MARHAM, N. C.",Pte,"MERRITT, J. C.",Pte,"NUNN, W. P.",Pte,"POIRIER, P. T."
5,531,886,3114,927,Pte,"MARKS, C. A.",Pte,"MERSON, E. A.",Pte,"OAKES, A.",Pte,"POITRAS, J."
5,530,919,3224,959,Pte,"MARLATT, E.",Pte,"MICHAEL, D. A.",Pte,"O’BRIEN, A.",Pte,"POMPHREY, W. J."
5,529,952,3055,992,Pte,"MARRIOTT, H.",Pte,"MIDDLEMISS, R. H.",Pte,"O’BRIEN, J.",Pte,"POPE, H."
5,530,986,3153,1027,Pte,"MARRIOTT, J. A.",Pte,"MILLICHAMP, C. S.",Sgt,"O’CONNOR, C. L. B.",L/Cpl,"PORTER, B. G."
5,529,1019,3148,1060,Cpl,"MARSH, F.",Pte,"MILLS, A. M.",Pte,"O’DONNELL, J. J.",Pte,"PORTES, C. L."
5,530,1055,3165,1093,Pte,"MARSHALL, E.",Pte,"MILTON, H.",Pte,"O’DONOHOE, W. A.",Pte,"POTTER, F. W."
5,529,1089,3156,1125,Pte,"MARSHALL, G .",Pte,"MINOR, A.",Pte,"OFFICER, A.",Pte,"POTTER, G. A."
5,529,1122,3103,1157,Pte,"MARSHALL, H.",Pte,"MITCHELL, H. A.",Pte,"OGIER, W. V.",Pte,"POTTLE, G."
5,530,1155,3076,1190,Pte,"MARTIN, S. J.",Pte,"MONK, D. W.",Pte,"OLIVER, W.",Pte,"POTTS, H."
5,529,1189,3066,1223,Pte,"MARTIN, S.",Pte,"MOON, W. J.",Pte,"ORMEROD, J.",Pte,"PRICE, L."
5,529,1222,3242,1256,Pte,"MATTHEWS, H. 0.",Pte,"MOONEY, H. J.",Pte,"ORMISTON, R.",Pte,"PROUDFOOT, A. T."
5,530,1255,3283,1291,Pte,"MAULTBY, R.",Pte,"MOORE, J. G.",Pte,"ORR, C. H.",Pte,"QUEENBOROUGH, S."
5,529,1288,3093,1326,Pte,"MAW, W.",Pte,"MOORECROFT, A. A.",Pte,"OWENS, H. P.",Pte,"QUINN, W."
5,529,1321,3153,1359,Pte,"MAY, E.",Pte,"MORGAN, W. 0.",Sgt,"PAKENHAM, C. R.",Pte,"RAINES, H. E."
5,530,1353,3105,1393,Sgt,"MAY, W. H.",Pte,"MORRIS, A.",Cpl,"PANCOTT, H. A.",Pte,"RAINEY, R."
5,529,1387,3127,1425,Pte,"MAYLOTT, E.",Pte,"MORRIS, J. F.",Pte,"PANNELL, W. H.",Pte,"RAITHBY, F."
5,530,1423,3179,1459,Pte,"MAYNARD, J.",Pte,"MORRISON, G. G.",Pte,"PARK, E. J.",Pte,"RALSTON, J. A."
5,530,1456,3159,1492,Pte,"McARTHUR, F.",Pte,"MORRISON, J.",Pte,"PARKER, W.",Cpl,"RAMSAY, J. P."
5,529,1490,3116,1526,Pte,"McCARTEN, R. J.",Pte,"MORROW, N.",Pte,"PARNEGA, W. J.",Sgt,"RAMSAY, T."
5,529,1523,3243,1561,Cpl,"McCarthy, g. e.",Pte,"MORROW, R. W.",Pte,"PARSISSON, H.",Pte,"RASMUSSEN, J. A."
5,530,1559,3130,1596,Sgt,"McClelland, r. a.",Pte,"MORTON, K. E.",Pte,"PARSONS, A. H.",Pte,"RATTRAY, J."
5,529,1592,3154,1628,Pte,"McCONACHIE, p.",Cpl,MOSES. W. H.,Cpl,"PATERSON, G. C.",Pte,"RAYMOND, D."
5,529,1626,3169,1661,Pte,"McCONNELL, h. a.",Pte,"MOSS, C.",Pte,"PATON, M.",Pte,"RAYNOR, J. W."
5,529,1658,3105,1695,Pte,"McCORMICK, W.",CSM,"MOTE, G. A.",CSM,"PATRICK, G. H.",Pte,"REED, R. A."
5,529,1692,3046,1729,Pte,"McCOY, d. r.",Pte,"MOUNT, R. W.",Pte,"PATTERSON, R. E.",Cpl,"REID, A."
5,529,1725,3046,1763,Pte,"McCRAW, J. A. L. (served",Pte,"MULCAHY, R.",Pte,"PAUL, J.",Pte,"REID, D."
5,895,1761,3038,1797,,,Pte,"MULLIN, T. E.",Pte,"PAYNE, C. F.",Pte,"REID, J."
5,529,1794,3135,1831,Pte,"McDIARMID, D.",Sgt,"MULLOY, E. H.",Pte,"PAYNE, W. W.",Pte,"REID, John F."
5,529,1828,3211,1865,Pte,"MCDONALD, J. G.",Sgt,"MUNRO, W. A.",Pte,"PEACE, E.",Pte,"REINHARD, H. C."
5,529,1861,3096,1900,Pte,"McDONALD, J. J.",Pte,"MURRAY, A. A.",Pte,"PEACOCK, G. H.",Pte,"RENNIE, J."
5,529,1895,3154,1933,Pte,"McDONALD, R. B.",Pte,"MURRAY, D .",Pte,"PEACOCK, R.",Pte,"RHEAUME, A."
5,528,1928,3083,1967,Pte,"McGIBNEY, A.",Pte,"MURRAY, J. W.",Pte,"PEARS, F.",Pte,"RICE, P. P."
5,528,1962,3299,2001,Pte,"McGLASHAN, D.",Pte,"MURRAY, L. M.",Pte,"PEARSON, C. W.",Pte,"RICHARD, J. R. (serve"
5,528,1998,3298,2035,Pte,"McGREGOR, J. A.",Pte,"NADON, H.",Pte,"PEDDIE, W."
5,528,2032,3156,2071,Pte,"McGREW, C.",CSM,"NAGLE, F. G.",Pte,"PENBERTHY, J. J.",Pte,"RICHARDS, H."
5,529,2065,3156,2104,Pte,"McHUGH, E. M.",Pte,"NAPHAN, T.",Pte,"PENDER, J. J.",Pte,"RICHARDS, H."
5,528,2099,3247,2138,Pte,"McINTYRE, B. S.",L/Cpl,"NASH, R. J. K.",Pte,"PENNY, N. F.",Pte,"RICHARDSON, J. S."
6,322,235,2821,274,Pte,"RICHMOND, S. B.",Pte,"SILVERTHORN, J. C.",Pte,"STRADLING, E. H.",Pte,"TUCK, A."
6,322,271,2921,310,Pte,"RICKETTS, H. J.",Pte,"SILVESTER, C. H.",Pte,"STRANG, W. J.",Pte,"TUCK, J. W. D."
6,322,308,2921,346,Pte,"RIDDLE, G. J.",Pte,"SIME, J,",Pte,"STRIDE, H.",Sgt,"TUCKER, G. S."
6,322,343,2912,380,Pte,"RITCHIE, G. C.",Pte,"SIMKINS, T.",L/Cpl,"STRINGER, C. R.",Pte,"TUPPER, F. J."
6,322,376,2982,414,Pte,"ROBERTS, D.",Pte,"SIMPSON, C. R.",Pte,"STRONGE, A.",Pte,"TURNBULL, J. W."
6,323,411,2880,448,Sgt,"ROBERTS, H. W.",Pte,"SINCLAIR, L. C.",Pte,"STUBBING, G. E.",Pte,"TURNEY, C."
6,323,444,3083,482,Sgt,"ROBERTS, M.",Pte,"SINCLAIR, R.",Pte,"STURGES, J. N.",L/Cpl,"TURQUAND, A. de V. A."
6,323,478,2865,514,Pte,"ROBERTS, W. H.",Pte,"SKINNER, E. E.",Pte,"SULLIVAN, N. M.",Pte,"TWATT, W."
6,324,512,2990,549,Pte,"ROBERTSON, E.",Pte,"SLADE, W.",Pte,"SUNDERLAND, H.",Pte,"TWEEDALE, H. E."
6,323,545,2907,583,Pte,"ROBERTSON, J.",Cpl,"SLATER, W. T.",Pte,"SUTCLIFFE, H.",Pte,"UTTING, J. R."
6,324,579,3036,617,Pte,"ROBERTSON, N.",Pte,"SMITH, A. E.",Pte,"SUTHERLAND, G. E.",Pte,"VAILLANCOURT, D."
6,324,615,2987,651,Pte,"ROBINS, L.",Pte,"SMITH, A. J.",Pte,"SUTHERLAND, Q. R.",L/Cpl,"VALENTINE, J. R."
6,324,649,2948,684,Pte,"ROBINSON, A. W.",L/Cpl,"SMITH, C.",Pte,"SWAIN, A.",Pte,"VAN RYN, A. H."
6,324,681,2847,717,Pte,"ROBINSON, H.",L/Cpl,"SMITH, E.",Pte,"SWANN, J. W.",Pte,"VERGE, L."
6,325,715,2909,750,Pte,"ROBINSON, T. S.",Pte,"SMITH, F. W.",Pte,"SWAYZE, C. W.",Pte,"VIBERT, P. A."
6,323,750,2919,784,CSM,"RODGER, G.",Pte,"SMITH, H. C.",Pte,"SWEETNAM, R. C.",Pte,"VOSPER, A. E."
6,325,783,2882,818,Pte,"RODGERS, J.",Pte,"SMITH, H. S.",L/Cpl,"SWIFT, N.",Pte,"WADE, C. D."
6,325,815,3140,851,Pte,"ROGERS, G.",Pte,"SMITH, J.",Pte,"SWINTON, J. A.",Pte,"WAGHORN, E. R. (served"
6,325,848,3136,884,Pte,"ROSE, J. C.",Pte,"SMITH, J. H.",Pte,"SWORD, H. N."
6,325,883,2847,920,Pte,"ROSS, S.",Pte,"SMITH, J. M.",Pte,"SYMON, F.",Pte,"WAITE, F."
6,325,915,2995,953,Pte,"ROWELL, G. R.",Pte,"SMITH, J. S.",Pte,"TARRANT, S.",Pte,"WALLWORK, J. H."
6,324,948,2859,986,Cpl,"RUTTER, F.",Pte,"SMITH, J.",Pte,"TARRY, W. E.",Pte,"WALSH, R."
6,1792,980,2911,1012,,,,,Pte,"TASKER, J. F.",Pte,"WALSH, W. J."
6,325,987,1430,1021,Sgt,"RUTTER, W. J.",L/Cpl,"SMITH, L. R."
6,325,1014,2842,1054,Pte,"SALT, W.",Cpl,"SMITH, R.",Pte,"TAVERNER, F.",Pte,"WAND, H."
6,326,1046,2878,1087,Pte,"SAMBROOKES, J.",Pte,"SMITH, R.",L/Cpl,"TAVERNER, G. R.",Pte,"WARD, J. A."
6,1793,1079,2893,1112,,,,,Pte,"TAYLOR, G. R.",Pte,"WARDLE, H."
6,326,1089,1398,1122,Pte,"SANDFORD, J. W.",Pte,"SMITH, W."
6,1793,1114,2941,1145,,,,,Pte,"TAYLOR, L.",Pte,"WARNER, H. T."
6,326,1122,1398,1156,Pte,"SANTO, T.",Pte,"SMITH, W."
6,1793,1146,2934,1177,,,,,Pte,"TAYLOR, M.",Pte,"WATERS, W. J."
6,326,1156,1398,1189,Pte,"SARGENT, F.",Pte,"SMITH, W."
6,1793,1179,2885,1210,,,,,Pte,"TAYLOR, P. E.",Pte,"WATSON, C."
6,327,1191,1400,1223,Pte,"SAVAGE, J. J.",Pte,"SMITH, W."
6,1792,1212,2946,1243,,,,,Pte,"THEOBALD, J.",Pte,"WATSON, W. H."
6,327,1224,1451,1257,Pte,"SAWYER, E.",Pte,"SMITH, W. H."
6,1793,1244,2882,1279,,,,,Pte,"THOMAS, C. A.",Pte,"WATT, J. W."
6,327,1257,1447,1291,Pte,"SAYERS, W.",Cpl,"SMYTH, R. F."
6,1793,1278,2890,1312,,,,,Pte,"THOMAS, J. H.",Pte,"WATTS, S. J."
6,328,1292,1483,1324,Pte,"SCAIFE, C. M.",Pte,"SNYDER, W. R."
6,1793,1311,2842,1346,,,,,Pte,"THOMAS, W.",Pte,"WEBB, W."
6,328,1325,1511,1360,Pte,"SCALES, W. H.",Cpl,"SPALDING, R. C."
6,1793,1346,2951,1381,,,,,Sgt,"THOMAS, W. A.",Pte,"WEBSTER, C. F."
6,328,1359,1440,1392,Pte,"SCARLETT, E. S.",Pte,"SPARK, R. C."
6,1792,1380,2850,1415,,,,,Cpl,"THOMPSON, A. B.",Pte,"WELCH, J."
6,328,1393,1510,1426,Cpl,"SCHOFIELD, A. S.",Pte,"SPENCER, W. M."
6,1793,1414,2975,1446,,,,,Pte,"THOMPSON, C. E.",Pte,"WELSFORD, J. R."
6,329,1424,1497,1460,Pte,"SCHOFIELD, J.",L/Cpl,"SPRATLIN, F. J."
6,1793,1447,2858,1479,,,,,Pte,"THOMPSON, F.",Pte,"WELSH, G."
6,328,1461,1415,1494,Pte,"SCHOFIELD, W.",Sgt,"SPROUL, J."
6,1793,1480,2921,1515,,,,,Pte,"THOMPSON, G. H.",Pte,"WESLEY, F. J."
6,329,1494,1495,1526,Pte,"SCOREY, J.",Pte,"SPROULE, H. C."
6,1793,1514,2826,1548,,,,,Pte,"THOMPSON, T. R.",Pte,"WEST, G."
6,330,1528,1440,1560,Pte,"SCOTT, C. V.",Pte,"SPROULE, J."
6,1793,1549,2960,1582,,,,,Pte,"THOMSON, H. C.",Pte,"WESTGARTH, J."
6,329,1562,1449,1597,Pte,"SCOTT, M.",Pte,"SPROULE, N."
6,1793,1583,2959,1618,,,,,L/Cpl,"THOMSON, R. A.",Pte,"WHEELER, S. R."
6,330,1597,1492,1629,Pte,"SCOTT, T. R.",Cpl,"STANTON, G. J."
6,1793,1616,2936,1650,,,,,Pte,"THORN, A. H.",Cpl,"WHERRY, R. L."
6,330,1631,1487,1663,Pte,"SCOTT, W.",Pte,"STATE, C. H. G."
6,1793,1650,2843,1683,,,,,Pte,"THORSTEINSON, S.",Pte,"WHITE, J."
6,330,1664,1439,1697,L/Cpl,"SEARS, R. R. .",Pte,"STEER, T. A."
6,1793,1683,2842,1717,,,,,Pte,"TIFFNEY, J.",Pte,"WHITE, J."
6,330,1698,1474,1730,Pte,"SEELEY, J. W.",Pte,"STEERS, W. A."
6,1792,1717,2900,1753,,,,,Pte,"TIGHE, G. E.",Pte,"WHITE, N. D."
6,330,1731,1531,1766,Sgt,"SEELEY, R. L.",Pte,"STEPHENS, W. G."
6,1793,1750,2900,1788,,,,,Pte,"TODD, F. J.",Pte,"WHITE, R. H."
6,330,1768,1447,1800,Pte,"SEYMOUR, A. J.",Pte,"STEVENS, H."
6,1792,1784,2899,1823,,,,,L/Cpl,"TODD, J. J.",Pte,"WHITE, R. H."
6,330,1801,1445,1833,Pte,"SHANNON, J. J.",Pte,"STEVENS, R."
6,1793,1820,2966,1855,,,,,Pte,"TOOLEY, J.",Pte,"WHITEHEAD, D."
6,331,1835,1496,1867,Pte,"SHARROCKS, W.",Pte,"STEVENS, W. J."
6,1793,1853,3107,1888,,,,,Pte,"TOPP, J. U. S.",Pte,"WHITTINGSTALL, A. W."
6,330,1868,1496,1900,Pte,"SHAW, W.",Pte,"STEVENSON, J."
6,1792,1887,2904,1922,,,,,Cpl,"TORY, C. H.",Pte,"WHITTLE, H."
6,331,1902,1456,1936,Pte,"SHEA, G. W.",Pte,"STEWART, C."
6,1793,1920,3025,1956,,,,,Pte,"TRACY, J. M.",Pte,"WHITMORE, A. L. J."
6,330,1937,1506,1970,Pte,"SHEARER, A. G.",Cpl,"STEWART, H. L."
6,1793,1956,2934,1992,,,,,Pte,"TRAVERS, M.",Pte,"WICKER, E. W."
6,331,1971,1463,2005,L/Sgt,"SHEERAN, E.",Pte,"STEWART, N."
6,1792,1991,2938,2025,,,,,Pte,"TRICKER, W. E.",Pte,"WIGGINS, R. D."
6,331,2005,1513,2038,Pte,"SHERIFF, P.",Pte,"STEWART, W. P."
6,1792,2024,2955,2058,,,,,Pte,"TROLLOPE, W.",Pte,"WIGNALL, J. W."
6,333,2038,1505,2071,Pte,"SHIELDS, L. S.",Pte,"STICKLEY, F. C."
6,1792,2058,2871,2093,,,,,Pte,"TROTTER, W. M.",Pte,"WILKES, E."
6,331,2072,1480,2106,Pte,"SHORNEY, R.",Cpl,"STINGEL, C. C."
6,1792,2091,2917,2127,,,,,Pte,"TROWSSE, R.",Pte,"WILKIE, M. G."
6,333,2106,1439,2139,Pte,"SHORT, F. C.",Pte,"STOUT, C. E."
7,324,250,3022,291,Pte,"WILKINS, W. G.",Pte,"WINDSOR, E.",Pte,"BAN NAG AN, M. P.",Pte,"CHITTENDEN, J. D."
7,324,284,2985,327,Pte,"WILKINS, W. R.",Pte,"WINEGARDEN, R. E",Pte,"BARCLAY, P. W.",Cpl,"CHRISTIAN, C. E."
7,324,317,1431,351,Pte,"WILL, C.",Pte,"WINGER, A."
7,1805,325,2952,362,,,,,pte,"BARFIELD, H. W.",Pte,"CHRISTIE, C. T."
7,324,351,1420,384,Pte,"WILLIAMS, C. H.",Pte,"WITHEY, J."
7,1805,361,2955,397,,,,,Pte,"BARRY, E.",A/Cpl,"CLANCEY, H. J."
7,324,385,1385,418,Pte,"WILLIAMS, D.",Pte,"WIX, J. R."
7,1806,397,2997,432,,,,,Pte,"BARRY, J. P.",Pte,"CLEMMENS, H. R."
7,324,418,1434,451,Sgt,"WILLIAMS, G. E.",Pte,"WOOD, H. G."
7,1807,432,2982,468,,,,,Pte,"BARTON, D. R.",Pte,"COCKBURN, R. J."
7,325,451,1562,486,Pte,"WILLIAMS, H. G.",Cpl,"WOODWARD, F. W."
7,1807,467,2852,501,,,,,Pte,"BARTON, J. E.",Pte,"COCKS, B."
7,325,485,1485,519,Pte,"WILLIAMS, H. J.",Pte,"WOOLCOTT, H."
7,1809,500,2878,534,,,,,Pte,"BATEMAN, J.",Pte,"COFFEY, J."
7,325,518,1531,552,Pte,"WILLIAMS, H. G.",Pte,"WOOLLINS, G. W."
7,1809,533,2862,567,,,,,Pte,"BATH, C. F.",Pte,"COHEN, L."
7,326,552,1507,586,Pte,"WILLIAMS, P.",Pte,"WORSELL, H. D."
7,1810,567,2906,601,,,,,Pte,"BATHGATE, A. E.",Pte,"COLELLO, F."
7,325,585,1457,619,Pte,"WILLIAMS, R.",Pte,"WORSLEY, T."
7,1809,600,2946,635,,,,,A/Cpl,"BECK, A. J.",A/Cpl,"COLLIER, E. L."
7,325,619,1466,653,Pte,"WILLIAMSON, A.",Pte,"WRIGHT, J. E."
7,1810,634,2956,668,,,,,L/Cpl,"BECK, J. B.",Pte,"COMMANDA, J."
7,326,652,1426,685,Pte,"WILLIAMSON, H. H.",Pte,"WRIGHT, R."
7,1811,667,2971,700,,,,,Pte,"BELL, J. R.",Pte,"COMPEAU, A. S."
7,326,686,1447,719,Pte,"WILSON, J. C.",Pte,"WRISTEN, T."
7,1812,702,2858,734,,,,,Pte,"BELL, R. W.",Pte,"COX, G. D."
7,326,719,1424,752,Pte,"WILSON, J.",Pte,"WYSE, R. C."
7,1813,735,2888,767,,,,,Pte,"BELLMORE, 0. J.",Pte,"COXE, K. A."
7,326,753,1437,787,Pte,"WILSON, J.",L/Cpl,"YANKEL, M."
7,1813,769,2941,803,,,,,Pte,"BENDALL, C. H.",L/Sgt,"CRABTREE, C."
7,326,786,1438,820,Pte,"WILSON, R.",Pte,"YEOMAN, F."
7,1813,803,2933,835,,,,,Pte,"BENFORD, F. A.",Pte,"CRONIN, L. G."
7,326,820,1446,852,Pte,"WILSON, R.",Pte,"YEWMAN, F."
7,1813,836,2859,871,,,,,Cpl,"BENSON, R. W. J.",Pte,"CROPP, T."
7,326,853,1464,886,Pte,"WILSON, R. H.",Pte,"YOUNG, W. E."
7,1815,869,2995,903,,,,,Pte,"BENZ, J.",Pte,"CROSSLEY, W. E."
7,326,886,1460,920,Pte,"WILSON, V.",Sgt,"YOUNG, W. J."
7,1814,902,2979,936,,,,,A/L/Cpl,"BINNS, J. E.",Pte,"CUDMORE, L. H."
7,1815,936,2963,969,,,,,Pte,"BIRD, J. E.",Pte,"CULBERT, L. C."
7,1816,969,2925,1005,,,,,Pte,"BLONG, E. G.",Pte,"CUNCIC, F. J."
7,1818,1005,3064,1038,,,,,Pte,"BLOOMFIELD, G. P.",Pte,"CUNNINGHAM, A. E."
7,1817,1038,3056,1072,,,,,Pte,"BOLITHO, J. E.",Pte,"CUNNINGHAM, R. J."
7,1818,1071,2921,1105,,,,,Pte,"BOSTROM, W. A.",Cpl,"CURRIE, J. J."
7,642,1105,2997,1138,,,,,Pte,"BOUCHARD, R. J.",Cpl,"DAMBROSSIO, D."
7,1819,1138,2930,1170,,,,,Pte,"BOYCE, G. E.",Pte,"DAMICO, J. J."
7,1820,1172,2913,1204,,,,,Pte,"BOYES, R. E.",Pte,"DAVIS, G. H."
7,1819,1205,2924,1239,,,,,Cpl,"BOYUK, J.",Pte,"DAVIS, H. W."
7,327,1240,2902,1277,Lt,"CARTER, P. G.",Pte,"ADAMS, E. W.",Pte,"BRADFORD, E. W.",Pte,"DAVIS, J. E."
7,327,1274,2907,1310,Lt,"CHANNELL, C. A.",Pte,"ADAMS, G. C.",Pte,"BRATT, D. S.",Pte,"DE BY, G. L."
7,327,1307,3012,1344,Lt,"CHELLEW, E. J.",Pte,"ADAMS, J. R.",Pte,"BRIGGS, D. S.",Pte,"DENSMORE, B. D."
7,327,1340,2984,1378,Lt,"ELLIS, W. J.",Pte,"ADAMS, S.",Pte,"BRITIW, S.",L/Cpl,"DEPALMA, V. R."
7,327,1373,2992,1411,Maj,"FAIRHEAD, J. D.",Pte,"AINSWORTH, E.",Pte,"BRITT, J. C.",Pte,"DERKSON, W. E."
7,327,1407,3015,1445,Lt,"FARMER, E. H.",Pte,"ALCOCK, W. R.",Pte,"BROOKS, R.",Pte,"DESAYEUX, H. E."
7,327,1440,3002,1478,Lt,"FOSTER, J. A.",Pte,"ALLEN, H. M.",Pte,"BROWN, A.",Pte,"DESAYEUX, J. L."
7,327,1475,3032,1511,Capt,"GAGE, L. H.",Pte,"ALLISON, J. A.",Pte,"BROWN, F. 0.",Pte,"DICKENSON, H. D."
7,327,1509,2990,1545,Lt,"HALL, D. F. F.",Pte,"ALLISON, L. M.",Pte,"BROWN, R. R.",Pte,"DINGMAN, H. R."
7,328,1542,2968,1579,Lt,"HENDERSON, J. M.",Pte,"ALVIS, R. S.",Pte,"BROWN, S.",Pte,"DOERKSEN, H."
7,326,1576,2933,1612,A/Maj,"MacARTHUR, T. J. .",Pte,"AMBREY, D. G.",Pte,"BRYAN, R. D.",L/Cpl,"DOLAN, J. W."
7,328,1609,2966,1645,Lt,"McCAUL, R. E. C.",A/CSM,"AMON, E. C.",L/Cpl,"BUBIS, M.",Pte,"DOONAN, B. D."
7,327,1643,2952,1679,Lt,"MOULDER, S. J.",Pte,"ANDERSON, A. D.",Pte,"BUCHANAN, N. L.",Pte,"DORIGO, D. N."
7,327,1677,2916,1713,Lt,"MULLER, K. G.",Pte,"ARMOUR, J. P.",Pte,"BURDIS, J. G.",Pte,"DORVAL, N."
7,327,1710,2927,1746,Lt,"OAKLEY, R. S.",Pte,"ARMSTRONG, A. A.",Pte,"BURKETT, S. A.",Pte,"DREW, W. E."
7,328,1745,2960,1780,Lt,"ORR, W. J.",Pte,"ARMSTRONG, D. L.",Pte,"BURNETT, J.",Pte,"DUCK, A. A. E."
7,328,1778,3063,1813,Lt,"PATTERSON, W. C.",Pte,"ARMSTRONG, T. M.",Pte,"BYERS, D. J.",Sgt,"DUCKWORTH, A. H."
7,328,1811,2913,1847,Lt,"PEARCE, J. D.",Pte,"ARTHUR, H. R.",L/Cpl,"CAHILL, W. G.",Pte,"DUNN, C. L."
7,327,1845,2945,1880,A/Capt,"RANKIN, R. L. J.",Pte,"ASTLE, T. L.",Pte,"CALWAY, E. G. E.",Pte,"EADES, W. E."
7,328,1879,2880,1914,Maj,"SCHOLFIELD, G. P.",Pte,"ATCHISON, R. E.",Pte,"CANTLON, G. C.",Pte,"EDNIE, R."
7,327,1912,2964,1948,Capt,"SINCLAIR, G. G.",Pte,"AUGUSTINE, D. A.",Pte,"CARLSON, J. 0. C.",Pte,"EDWARDS, W."
7,327,1946,3021,1983,Capt,"THOMSON, W. B.",Pte,"BACHE, W. D.",Pte,"CARRIERE, G. E.",A/Cpl,"ELDRIDGE, H. W."
7,328,1981,3004,2016,Lt,"TICKNER, D. S.",Pte,"BACHMEIER, V. J.",Pte,"CARRIERE, V. V.",Sgt,"EMARTON, G. E."
7,328,2015,2975,2051,Lt,"WALTER, W. A.",Pte,"BAILEY, P.",Cpl,"CARROLL, M. T.",Pte,"ERSKINE, J. R."
7,328,2048,2909,2084,A/Maj,"WEDD, R. I. C.",Pte,"BAILEY, R. E.",Pte,"CASSIDY, D. J.",Cpl,"ESCHER, J."
7,328,2082,2953,2116,Lt,"WEDD, W. G. R.",Pte,"BAKER, C. A.",Pte,"CHALKLEY, W. G.",Pte,"ESSERY, F. J."
7,328,2116,2934,2152,Capt,"WEINGARTEN, I. P.",Pte,"BANKS, D. J.",A/Cpl,"CHAPMAN, W. L.",Pte,"EVANS, J. E."
8,306,231,3036,275,Pte,"EVANS, L.",Pte,"HOBBS, M. D.",,"LEES, E. A.",A/Sgt,"McLEAN, R. A."
8,309,270,3021,315,Pte,"EXTON, A. J.",Pte,"HOLBROOK, A. W.",,"LENNIE, L. L.",L/Cpl,"McLEOD, R. B."
8,307,309,3092,353,L/Cpl,"FAUBERT, G.",CSM,"HOLOHAN, J. A.",,"LLOYD, L.",Pte,"McLEOD, R. W. M."
8,308,348,3025,391,Pte,"FAULCONER, R. J.",Pte,"HOOD, S.",,"LLOYD, R. T.",Pte,"McLEOD, T. A."
8,308,384,1487,420,Pte,"FAULKNER, R. J.",Pte,"HOULE, B. A."
8,2009,393,3096,428,,,,,,"LOCKE, H. L.",Pte,"McNERNEY, D. M."
8,309,422,1510,456,Pte,"FERNS, R. T.",Pte,"HOUSER, S. K."
8,2009,429,3107,464,,,,,,"LOCKWOOD, G. A.",Pte,"MENDELSOHN, H."
8,309,458,1510,493,Pte,"FERRIS, F. E.",Cpl,"HOWICK, D. L."
8,1856,465,3051,504,,,,,Pte,"LONG, R. A.",A/Cpl,"MERRILL, G. A."
8,309,494,1558,529,Pte,"FIEST, M. H.",Cpl,"HUFFMAN, H. H."
8,2013,501,3010,535,,,,,,"LORENZ, G. A.",Pte,"MIGHTON, A."
8,309,529,1466,563,Pte,"FIGGITT, W.",Pte,"HUGHAN, J."
8,1856,536,2968,575,,,,,Pte,"LOWDEX, N. W.",Pte,"MILLAR, S."
8,309,565,1462,599,Pte,"FINDLAY, W. J.",Pte,"HUTSON, A."
8,2014,574,3019,609,,,,,,"LOWTHER, R. B.",Pte,"MILLEN, E. T."
8,309,601,1501,635,Pte,"FINLEY, J. L.",Pte,"INGRAM, K. J."
8,1856,610,3029,647,,,,,Pte,"LOXTOX, H. A.",Sgt,"MILLER, A. M."
8,308,639,1507,673,Pte,"FORGET, F.",Sgt,"INGRAM, R. D."
8,1856,646,3017,682,,,,,Pte,"LOYST, W. S.",Cpl,"MILLER, G. B."
8,309,674,2985,717,L/Sgt,"FOWLER, L. J.",Pte,"INGRAM, S.",Pte,"LOZDON, M.",Pte,"MILLS, J. M."
8,308,709,2971,752,Cpl,"FOWLER, R. W.",Pte,"JACKS, H. J.",Pte,"LUDGATE, C. G.",Pte,"MILNER, C."
8,308,745,3074,787,Cpl,"FROST, A. G.",CSM,"JACOBS, W. S. M.",Pte,"LUEY, W. T.",L/Sgt,"MITCHELL, J. W."
8,310,781,3007,823,Pte,"FUJA, C. J.",Pte,"JEANETTE, H. J.",Pte,"LUFFMAN, H. W.",Pte,"MITICH, G. P."
8,309,816,3067,858,A/Cpl,"FYALL, J. S.",Pte,"JENSEN, F. J.",Pte,"LUKE, F.",Pte,"MOFFATT, W. G."
8,310,851,1526,885,Pte,"GAMESTER, A. H.",Pte,"JOHNSON, R. E."
8,1857,859,2982,893,,,,,Pte,"LYON, C.",Pte,"MONK, E. E."
8,311,887,3163,928,Pte,"GAMMON, A. J.",Cpl,"JOHNSTON, C.",Pte,"MABIE, D. P.",Pte,"MONTGOMERY, A. W."
8,310,924,3187,964,Pte,"GASPARI, L. J.",Pte,"JOHNSTON, D. P.",Pte,"MacDONALD, W. S.",Pte,"MONTGOMERY, R. E. •"
8,310,960,3008,999,Pte,"GATTO, J.",L/Cpl,"JOHNSTON, W. R.",Pte,"MacINNIS, H. A.",Pte,"MOORE, A. H."
8,311,994,3008,1035,Pte,"GAULEY, A. H.",A/Cpl,"JONES, J. C. C.",L/Sgt,"MacINTYRE, D.",Pte,"MOORE, N. H."
8,311,1030,3100,1069,L/Cpl,"GAVRILOE, R.",Sgt,"JONES, N.",Pte,"MANDZUK, M.",L/Cpl,"MORELAND, N. W."
8,311,1064,3023,1104,Pte,"GAYDON, R. W.",Pte,"JONES, 0. E.",Pte,"MARACLE, J. E.",Pte,"MORELL, A. T."
8,311,1099,3019,1140,Pte,"GERBER, H. E. 0.",Pte,"JORDAN, W. H.",Pte,"MARCHELLO, J.",Pte,"MORRIS, H. N."
8,311,1134,3023,1174,Pte,"GIBSON, A. J.",Pte,"JUSZKIEWICZ, W.",Pte,"MARSH, J.",Pte,"MORRISON, H."
8,312,1170,3119,1211,Pte,"GILLARD, G. C.",Pte,"KEESLER, C. T.",Pte,"MARSH, W. J.",A/Cpl,"MOUNTFORD, N. F."
8,312,1206,2992,1244,L/Cpl,"GILLILAND, R.",Pte,"KELLY, P. J.",Pte,"MARSHALL, W.",Pte,"MOYER, P. J."
8,312,1241,3086,1280,Pte,"GITTINS, R.",Pte,"KELSO, J. G.",A/Cpl,"MARTIN, J.",A/Sgt,"MULVTHILL, T. P."
8,311,1275,3060,1316,A/L/Cpl,"GLOVER, J. A.",Pte,"KENNEDY, G. E.",Pte,"MARTIN, P.",Pte,"MURCELL, W. B."
8,313,1309,2978,1349,Pte,"GOLDEN, R. L. J.",Pte,"KEOWN, H. L.",Pte,"MASON, J. A.",Pte,"MURRAY, J."
8,313,1345,3020,1386,Pte,"GOODE, E. A.",L/Cpl,"KILLICK, J. C.",Pte,"MATVTCHUK, S.",L/Cpl,"MUTTON, F. C."
8,314,1380,2995,1420,Pte,"GORDON, D. J.",Pte,"KINDRACHUK, W.",Pte,"MAZICK, J.",L/Cpl,"MYATT, H. R."
8,313,1416,3082,1455,CSM,"GORDON, H.",L/Cpl,"KIRTON, S. J.",Pte,"McALLISTER, H. J.",A/L/Sgt,"NEELANDS, W. F."
8,314,1450,3065,1488,Pte,"GRAHAM, J. S. M.",Pte,"KITCHENER, J. N.",Pte,"McCarthy, j. j.",Pte,"NENONEN, 0. M."
8,313,1484,2950,1522,Pte,"GREEN, S.",L/Cpl,"KLASSEN, G. F.",Pte,"McCLEAN, G. F.",Pte,"NEVEU, R."
8,314,1519,3090,1556,Sgt,"GREENBERG, M.",Pte,"KLINCK, A. A.",L/Cpl,"McCLEAN, r. w.",Pte,"NEWHOUSE, R. V."
8,314,1553,3012,1590,Pte,"GREIG, S.",A/Cpl,"KNECHT, J.",Pte,"McCLUSKEY, W. H.",Pte,"NICOLL, H. M."
8,314,1587,3001,1626,Pte,"GRILLS, V. F.",Pte,"KNOTT, R. E.",Pte,"McCORMICK, H.",Pte,"NORRIS, H. J."
8,315,1621,3083,1660,Pte,"GUTHRIE, A. W.",A/Sgt,"KNOX, W. B.",Pte,"McCORMICK, T. J. W.",L/Cpl,"NORTHRUP, M. K."
8,314,1657,2999,1695,Pte,"HAGGERTY, C.",Pte,"KOSHELANYK, W.",L/Cpl,"McDONALD, J. C.",Pte,"ODJICK, B. A."
8,313,1692,3177,1728,A/Cpl,"HALL, R. L.",Pte,"KOVACH, S.",Pte,"McFADDEN, H.",Pte,"ODJICK, R. S. /"
8,313,1725,3016,1763,A/Sgt,"HARDMAN, A. G.",Pte,"KURULAK, H.",Cpl,"McFADDEN, J. A.",Pte,"O’NEILL, J. W."
8,315,1759,2953,1797,Pte,"HARNEY, F. X.",Pte,"KYLE, W. L.",Pte,"McGLASHAN, N. J.",L/Sgt,"ORAM, J. J."
8,313,1794,2992,1830,A/Sgt,"HASSELL, D. B. L.",Pte,"LA FORCE, J.",Pte,"McGORMAN, H. A.",Pte,"ORPEN, N. G."
8,315,1828,2935,1866,Pte,"HASSON, J. P.",Pte,"LACOMBE, G. A.",Cpl,"McGREGOR, R. J.",Pte,"ORR, D. E."
8,315,1861,3046,1901,Pte,"HASTIE, E.",Pte,"LAFFERTY, J.",Pte,"McINTOSH, A. J.",Pte,"OSAWOMICK, J."
8,314,1896,3160,1934,Pte,"HAWES, W.",Pte,"LAMB, J. 0.",Pte,"McINTOSH, D. A.",Pte,OZARD.G. R. ! '
8,316,1930,3034,1968,Pte,"HENDRY, A. R.",Pte,"LAMBERT, G. H.",Pte,"McINTOSH, L. D.",Pte,"PAINTER, G. H."
8,316,1964,3079,2002,Pte,"HESLIP, F. W.",Pte,"LAMONTAGNE, M. L.",Cpl,"McINTOSH, T.",Sgt,"PALLISTER, Y. A."
8,315,2000,2994,2035,L/Cpl,"HICKSON, J. M.",Pte,"LAMURE, A. A. G.",Pte,"McIVOR, T.",Pte,"PANKO, N. C."
8,316,2033,3020,2072,Pte,"HIGGINS, D. B. F.",Pte,"LARMAN, L. I.",Pte,"McKAY, N. H.",Pte,"PARFINUK, A."
8,316,2068,3009,2108,Pte,"HILDER, J.",Pte,"LAVER, R.",L/Cpl,"McKEXZIE, J. W.",Pte,"PARKES, A. S."
8,317,2101,3091,2139,Pte,"HILL, C.",Pte,"LE BAR, D. L.",Pte,"McKINLEY, A. G.",Pte,"PARRINTON, N. A."
8,316,2135,3009,2173,Cpl,"HILLIER, E. H.",Pte,"LECLAIR, M. G.",Pte,"McLAUGHLIN, P. D.",Pte,"PATERSON, J."
8,317,2169,3081,2207,Pte,"HLADY, J. A.",Sgt,"LEE, A. E.",Pte,"McLEAN, N. V.",Pte,"PATTINSON, F. K."
9,435,261,2651,305,L/Cpl,"PATTON, D. R.",Pte,"SECO, C. L.",Pte,"TUCKER, H. G. Pte"
9,434,294,2652,333,Pte,"PATTON, J. J.",Pte,"SEGUIN, C. A.",,"TUFF, D. J. Pte"
9,433,325,3049,371,Pte,"PAUL, L. G.",Pte,"SELLECK, T. V.",Pte,"TUNSTEAD, W. G. L/Cpl","WEBSTER, J. T."
9,431,359,3041,404,Sgt,"PEAKS, E.",Pte,"SHANK, R.",Pte,"TWYDALE, F. G. Pte","WESTON, G. A."
9,431,395,2653,437,L/Cpl,"PEARCE, L. F.",A/Cpl,"SHAW, C. A.",Pte,"TYSON, J. A. Pte"
9,430,438,1952,474,Pte,"PERRIN, D. E.",Pte,"SHEA, H. G. C.",Cpl
9,429,472,1952,506,Pte,"PETHERBRIDGE, F.",Pte,"SIMPSON, A. W.",Pte
9,428,505,1953,543,L/Cpl,"PHILIP, J. M.",A/L/Cpl,". SIMPSON, D.",Pte
9,427,539,1952,574,Pte,"PHILLIPS, H. H.",Pte,"SIMPSON, H. L.",Pte
9,426,570,1994,608,Pte,"PINE, W. J.",Pte,"SINCLAIR, D. C.",L/Cpl
9,425,606,1953,642,Pte,"PLUMBTREE, W. G.",Pte,"SINCLAIR, J.",Pte
9,424,639,1953,675,Pte,"POE, R. D.",L/Cpl,"SKINNER, F. A.",Pte
9,423,670,1998,709,Sgt,"POLDEN, A. H.",Pte,"SMEE, L. C.",A/Cpl
9,423,708,1954,742,Pte,"POOLE, G. H.","A/L/Cpl SMITH, D.",,Pte
9,421,728,3127,777,Pte,"POST, W. E.",Pte,"SMITH, E. G.",Pte,"WAIN, J. A. L/Cpl","WILLIAMSON, T. E."
9,421,761,3159,811,Pte,"PRESNAIL, W. P.",Pte,"SMITH, H. 0.",Pte,"WALKER, J. T. Pte","WILLOUGHBY, W. A."
9,420,796,3027,845,Cpl,"PRETSELL, A. R. L.",Pte,"SMITH, J. J.",A/Cpl,"WALKER, L. B. Pte","WILSON, J. H."
9,418,828,3103,878,Pte,"PRIMEAU, J.",Pte,"SMITH, R. A.",Pte,"WALKER, R. A. Pte","WOODBURY, A. C."
9,418,862,3073,910,Pte,"RAMAGE, W. E. G.",Cpl,"SMITH, R. J.",L/Sgt,"WALKER, R. E. Pte","WOODLEY, R. D."
9,417,896,3008,944,Pte,"RAMSDEN, H. W.",L/Cpl,"SMITH, R.",L/Sgt,"WALL, F. V. Pte","WOODS, D. J."
9,415,929,3019,978,A/Cpl,"RANGER, J. R.",L/Cpl,"SMITH, T. J.",Pte,"WALL, L. E. Cpl","WORTH, I. W."
9,415,963,3034,1012,L/Cpl,"RAY, D.",Pte,"SOUTHWOOD, W. J.",Pte,"WALLACE, R. R. Pte","WRIGHT, C. K."
9,1910,996,3041,1033,,,,,Pte,"WALSH, C. B. Pte","WRIGHT, N. A."
9,415,1010,1523,1046,Pte,"REID, G. C.",Pte,"SPEED, J. H."
9,1909,1029,3057,1069,,,,,A/Cpl,"WARD, R. A/Cpl","WRISTEN, G. L."
9,414,1043,1573,1079,Pte,"REID, L. W.",Pte,"SPEIRAN, B. E."
9,413,1063,2996,1113,Pte,"REITH, G.",Pte,"SPIKE, H. L.",Pte,"WARD, R. E. A/Cpl","WYVILL, W."
9,412,1096,3047,1146,Pte,"RELF, M. C.",Pte,"SPIRNYAK, F. B.",Cpl,"WARDELL, E. H. Cpl","YANTHA, E. A."
9,411,1143,1548,1179,Pte,"RENAUD, L. A. J.",Pte,"SPITALI, C. P."
9,1910,1163,3022,1202,,,,,A/Cpl,"WATSON, D. R. L/Cpl","YOUELL, S. J."
9,409,1178,1573,1213,Pte,"RENNISON, L. N.",Pte,"SPROULE, C. L."
9,1911,1198,3022,1234,,,,,Pte,"WATSON, H. Pte","YOUNG, H. K."
9,410,1211,1605,1246,Pte,"RESKE, R.",Pte,"ST. JEAN, E. J. T."
9,1910,1231,2987,1269,,,,,L/Cpl,"WATSON, J. H. Pte","YURKIW, J."
9,410,1245,1546,1282,Pte,"RESTOULE, J. P.",Pte,"STAPLE, D. G."
9,1911,1265,3010,1302,,,,,Pte,"WAUGH, R. F. Pte","ZATOR, W. J."
9,409,1278,1610,1315,Pte,"REYNOLDS, A. J.",Pte,"STEENSON, W. T."
9,407,1311,1632,1350,"Pte RHUDA, J.",,Pte,"STEVENSON, J. W."
9,405,1412,1516,1449,"Pte RILEY, I.",,Pte,"STONE, F. C."
9,404,1445,1591,1483,"Pte ROACH, R. A.",,Pte,"STREMBLE, J. H,"
9,403,1481,1472,1516,"Pte ROBERTS, A. E.",,Sgt,"STROM, L."
9,402,1515,1582,1552,"Cpl ROBERTS, G. W.",,Pte,"SULLIVAN, E. J."
9,402,1548,1591,1585,"Pte ROBERTS, J. H.",,A/Cpl,"SUMMERS, K. W."
9,400,1584,1545,1618,"Pte ROBERTS, J. J.",,L/Cpl,"SUTTON, H. H."
9,400,1618,1562,1652,"Pte ROBERTS, L.",,L/Cpl,"SUWALA, E. W."
9,400,1651,1591,1686,"Pte ROBERTSON, J. R.",,Pte,"SWANSON, 0. W."
9,399,1687,1541,1722,"Pte ROBINSON, M. S.",,Pte,"TAYLOR, D. B."
9,398,1721,1491,1755,"Pte ROCKWELL, E. C.",,Pte,"TEARSE, D."
9,397,1755,1548,1789,"Pte ROUSE, D. E.",,Pte,"THISTLE, E. F."
9,397,1789,1497,1823,"Pte ROWAN, L.",,Pte,"THOM, D. N."
9,396,1822,1591,1857,"Pte RUAULT, E. P.",,Pte,"THOMPSON, T. G."
9,395,1855,1586,1892,"L/Cpl RUTHERFORD, W. A.",,Pte,"THORNBURY, W."
9,394,1889,1534,1924,"Pte SAGLE, E. C.",,L/Cpl,"THROOP, C. N."
9,394,1926,1525,1958,"Pte SAWCZUK, N. J.",,Pte,"TIBBS, J. L. F."
9,392,1959,1533,1997,"Cpl SAWYER, S. H.",,Sgt,"TILLETT, T. J."
9,392,1993,1524,2029,"Pte SCARR, G. C.",,Pte,"TINNEY, B. L."
9,390,2030,1513,2062,"Pte SCOTT, J. H.",,Pte,"TOWER, V. T."
9,390,2061,1587,2095,"Pte SCOTT, J. L.",,Pte,"TOWNSEND, J. C."
9,390,2097,1562,2129,"Pte SCOUTEN, R. B.",,Pte,"TREMBLETT, E."
9,389,2130,1528,2163,"Pte SCRIVENS, S. F.",,Pte,"TRUDEL, L. G."
